20,-25.69731712,5040790086,316011466.5,-1125.597656,0.062690862,-259.160845,0.133333333
10,-25.53009033,5136406697,303397709.7,-1124.903198,0.059068087,-298.9510738,0.25
5,-25.34542274,5054842369,281054968,-1124.903198,0.055601135,-298.9510738,0.366666667
1,-25.07389069,4859391417,245816945.1,-1124.903198,0.050585952,-298.9510738,0.533333333
0.200000003,-24.44191551,4725117570,219046145.5,-1124.20874,0.046357822,-298.9510738,0.966666667
20,-24.27195168,5250050472,323882702.9,-1124.20874,0.061691351,-298.8752823,1.066666667
10,-24.10096359,5166067667,298826086.1,-1124.20874,0.057844013,-305.3096619,1.166666667
5,-23.89440727,5070848711,280024241.6,-1123.514282,0.055222362,-302.8862248,1.283333333
1,-23.56918716,4875764953,248284763.3,-1123.514282,0.050922219,-295.360613,1.466666667
0.200000003,-22.83803749,4731486308,211885448.6,-1122.819824,0.044782005,-290.3804304,1.9
20,-22.65884018,5262770423,322512165.1,-1122.819824,0.061281823,-306.6811092,2
10,-22.45628929,5169072403,296790816.8,-1122.819824,0.057416648,-306.4740108,2.116666667
5,-22.2315731,5074923735,275962491.5,-1122.125488,0.054377664,-303.3691988,2.233333333
1,-21.87738419,4886829190,231298314.7,-1122.125488,0.047330957,-296.0430727,2.416666667
0.200000003,-21.0917244,4732659662,208247484.8,-1121.43103,0.044002209,-289.9606782,2.833333333
20,-20.89513969,5253405295,319823743.3,-1121.43103,0.06087932,-307.1426851,2.933333333
10,-20.69482803,5162050226,296737537.1,-1121.43103,0.057484433,-306.4110507,3.05
5,-20.46299362,5068421472,274092277.1,-1121.43103,0.05407843,-303.6171483,3.166666667
1,-20.11015892,4892947151,242404644.2,-1120.736572,0.049541641,-296.4625256,3.35
0.200000003,-19.32721138,4723610821,214008004.9,-1120.736572,0.045306019,-290.4502737,3.766666667
20,-19.12859344,5239869170,318559582.4,-1120.736572,0.060795333,-306.7617078,3.866666667
10,-18.93404388,5142828011,292803757.4,-1120.042114,0.056934386,-306.2437933,3.983333333
5,-18.72424126,5049096192,270036160.2,-1120.042114,0.053482078,-303.4881233,4.1
1,-18.38428497,4877492019,225785025,-1120.042114,0.046291213,-296.6139401,4.283333333
0.200000003,-17.59245682,4721590000,204686180.7,-1119.347656,0.043351114,-291.3169747,4.7
20,-17.38885307,5211253036,315271392.2,-1118.653198,0.060498193,-306.249386,4.8
10,-17.17884636,5117596325,287905101.2,-1118.653198,0.056257877,-305.4876184,4.916666667
5,-16.95569229,5030236582,264533902,-1118.653198,0.052588757,-302.6338048,5.033333333
1,-16.578825,4837453632,230952322.6,-1117.95874,0.047742538,-296.036021,5.216666667
0.200000003,-15.74216557,4692312915,201196542.1,-1117.95874,0.042877905,-291.5236056,5.633333333
20,-15.53047276,5170544102,310399441.1,-1117.264404,0.06003226,-305.2485349,5.733333333
10,-15.31877995,5078089118,286893882,-1117.264404,0.056496426,-304.4624325,5.85
5,-15.08787251,4990471505,264766110.8,-1117.264404,0.053054325,-301.9258319,5.966666667
1,-14.71774769,4815952308,216907876.5,-1117.264404,0.045039456,-295.4912653,6.133333333
0.200000003,-13.8702364,4655663566,176902166.9,-1116.569946,0.037997197,-290.5442648,6.566666667
20,-13.65814972,5125341208,306184163,-1116.569946,0.059739273,-303.5692456,6.666666667
10,-13.45338821,5036270673,280287145.5,-1116.569946,0.05565371,-302.8942678,6.766666667
5,-13.22498703,4947973333,257801542.2,-1116.569946,0.052102454,-300.2601596,6.883333333
1,-12.87905693,4782927336,211050576.7,-1116.569946,0.044125818,-293.5607158,7.066666667
0.200000003,-12.08731174,4608583808,199490326.5,-1115.18103,0.043286689,-285.5842833,7.483333333
20,-11.87888813,5084061036,298844863.1,-1115.18103,0.058780741,-301.8683711,7.6
10,-11.66380501,4997731942,273944773.4,-1115.18103,0.054813821,-301.4586633,7.7
5,-11.44139767,4913671108,252202504.2,-1115.18103,0.051326696,-298.4688666,7.816666667
1,-11.08015156,4759484054,210103799,-1115.18103,0.044144239,-292.1602387,8
0.200000003,-10.21282864,4607129634,171632691.2,-1115.18103,0.037253715,-286.1396259,8.416666667
20,-10.00307274,5036564846,290560480.7,-1115.18103,0.057690211,-300.407216,8.516666667
10,-9.785326004,4956115453,266801536.6,-1115.18103,0.053832795,-300.0487591,8.633333333
5,-9.558529854,4873036030,242797291.9,-1115.18103,0.049824648,-297.4747492,8.75
1,-9.201973915,4717267953,203000189.5,-1115.18103,0.043033425,-293.2671642,8.933333333
0.200000003,-8.396004677,4550514085,192125521.1,-1114.486572,0.042220619,-285.0439045,9.35
20,-8.193108559,4995155739,283414244.8,-1114.486572,0.056737818,-298.576269,9.45
10,-7.971375942,4915296778,259824684.7,-1114.486572,0.052860428,-298.4553057,9.566666667
5,-7.741382599,4834347500,236709843.6,-1114.486572,0.048964176,-295.9310315,9.683333333
1,-7.370616913,4689373690,211818490.4,-1113.792114,0.04516989,-291.2559039,9.866666667
0.200000003,-6.531933308,4533790880,176144945.6,-1113.792114,0.038851582,-284.6046433,10.28333333
20,-6.307888031,4939992277,278609838.6,-1113.792114,0.056398842,-296.9458738,10.38333333
10,-6.079216003,4863139721,255856689.3,-1113.792114,0.052611422,-296.9490536,10.5
5,-5.838317871,4788179052,233836025.1,-1113.792114,0.048836108,-294.7746321,10.6
1,-5.475813389,4638745080,200725344,-1113.792114,0.043271475,-289.4385552,10.78333333
0.200000003,-4.62697506,4515782493,180829622.3,-1113.097778,0.040043917,-284.9657002,11.21666667
20,-4.421038628,4895380650,273546596.9,-1113.097778,0.055878513,-294.9187144,11.31666667
10,-4.213788033,4818399159,249089409.5,-1113.097778,0.05169547,-294.9393831,11.41666667
5,-3.996027708,4746978995,230161811.3,-1113.097778,0.048485957,-292.8345619,11.53333333
1,-3.632436514,4600688292,200480565,-1113.097778,0.043576211,-287.9978256,11.71666667
0.200000003,-2.79949379,4487666661,182806265.7,-1112.40332,0.04073526,-281.816371,12.13333333
20,-2.586003065,4846050573,268823792.5,-1112.40332,0.055472758,-293.2694462,12.25
10,-2.369556189,4779081808,241117038.1,-1112.40332,0.050452586,-293.2189061,12.35
5,-2.131431818,4706954378,224209400.8,-1112.40332,0.047633648,-291.1512324,12.46666667
1,-1.779993176,4572554935,201240159.5,-1112.40332,0.044010442,-285.8136029,12.65
0.200000003,-0.959019303,4458314052,177190445.8,-1112.40332,0.039743822,-281.412761,13.06666667
20,-0.730834782,4808692289,261079039.9,-1111.708862,0.054293148,-291.4205052,13.18333333
10,-0.508199811,4737034701,238577450,-1111.708862,0.050364304,-291.8225441,13.28333333
5,-0.290787965,4673233406,219469123.3,-1111.708862,0.046963014,-289.7646903,13.4
1,0.066342026,4545967133,179642238.4,-1111.708862,0.039516836,-284.438078,13.58333333
0.200000003,0.87918818,4436543591,183297636.1,-1111.014404,0.041315414,-280.0189054,14
20,1.082889438,4769535169,254667401.6,-1111.014404,0.053394593,-289.85827,14.11666667
10,1.296383858,4705354996,231698864.5,-1111.014404,0.049241528,-290.096998,14.21666667
5,1.51771307,4641084276,212929840.5,-1111.014404,0.04587933,-288.3296096,14.33333333
1,1.870925784,4509558547,184438820.8,-1111.014404,0.04089953,-283.6362823,14.51666667
0.200000003,2.706623077,4412804884,171047722.7,-1111.014404,0.038761679,-280.276413,14.93333333
20,2.919791222,4727372478,245481593.2,-1110.319946,0.051927701,-288.3573674,15.03333333
10,3.133010864,4666829617,224502634.8,-1110.319946,0.04810603,-288.8316251,15.15
5,3.356467962,4604492928,206118969.5,-1110.319946,0.04476475,-287.0953425,15.26666667
1,3.711028337,4476090438,185286745.4,-1110.319946,0.041394774,-281.4673413,15.45
0.200000003,4.545116901,4387864450,167045876.5,-1110.319946,0.038069971,-279.2615895,15.86666667
20,4.77696991,4683284938,235738681.9,-1109.625488,0.050336182,-286.7299836,15.96666667
10,4.998166561,4626803331,216057344,-1109.625488,0.046696894,-287.3496329,16.08333333
5,5.228404522,4570743164,199432339.5,-1109.625488,0.043632366,-285.7182651,16.2
1,5.596850395,4459430657,182426462,-1109.625488,0.040908016,-281.2288003,16.38333333
0.200000003,6.44805336,4359383927,157986408.6,-1109.625488,0.036240537,-277.1856109,16.8
20,6.655041695,4653051061,226925753.3,-1109.625488,0.048769236,-285.1898386,16.9
10,6.881082058,4595424893,206771104.8,-1109.625488,0.044994991,-285.9020201,17.01666667
5,7.12635231,4539532466,190134221.2,-1108.93103,0.041884098,-284.4657983,17.13333333
1,7.506857872,4428208276,173365859.6,-1108.93103,0.039150339,-279.9891088,17.31666667
0.200000003,8.375480652,4333483363,161057346.4,-1108.236694,0.037165795,-276.4016034,17.73333333
20,8.599401474,4618497225,220531979.2,-1108.236694,0.047749728,-283.9499788,17.83333333
10,8.823645592,4563427648,201054371.6,-1108.236694,0.044057753,-284.6748234,17.95
5,9.056588173,4510574591,185203891.9,-1108.236694,0.041059934,-283.1988167,18.05
1,9.427750587,4404757066,160723259.3,-1108.236694,0.036488563,-279.2334764,18.23333333
0.200000003,10.24353409,4317012604,155033518.1,-1107.542236,0.035912223,-275.8353186,18.66666667
20,10.44973469,4580873142,215772168.4,-1107.542236,0.047102846,-282.7000185,18.76666667
10,10.65819168,4549177581,182731770.6,-1107.542236,0.040168088,-283.4559877,18.86666667
5,10.87663555,4479969347,182152304.9,-1107.542236,0.040659275,-282.1602382,18.98333333
1,11.22814465,4382721224,158428176.4,-1106.847778,0.036148358,-278.0844092,19.18333333
0.200000003,12.01396465,4290276255,149875113.5,-1106.847778,0.034933675,-274.9513345,19.58333333
20,12.21178818,4537750321,210160195.2,-1106.847778,0.04631374,-281.3793918,19.7
10,12.40639114,4488977295,190889395.3,-1106.847778,0.042524029,-282.5075097,19.8
5,12.62805748,4440875651,177457457.3,-1106.847778,0.039960016,-281.0387979,19.91666667
1,12.99728584,4353071937,164524178.7,-1106.847778,0.037794959,-277.9045822,20.1
0.200000003,13.8610754,4266169519,144557091.5,-1106.15332,0.033884518,-274.1643903,20.51666667
20,14.08080864,4509273137,202293118.4,-1106.15332,0.044861581,-279.5964972,20.63333333
10,14.30634117,4462897724,187163310.1,-1106.15332,0.041937619,-280.7318538,20.73333333
5,14.54347229,4416631218,173903311.9,-1105.458862,0.03937465,-279.5110167,20.85
1,14.9185009,4331104527,153375288.1,-1105.458862,0.035412513,-276.4490198,21.03333333
0.200000003,15.74314499,4259842090,149920256.5,-1105.458862,0.035193853,-273.039209,21.45
20,15.95894051,4490254965,199785959.8,-1105.458862,0.044493232,-278.5050218,21.55
10,16.18078423,4447550246,182083703.7,-1105.458862,0.040940225,-279.6617953,21.66666667
5,16.40262794,4405055829,169726292,-1105.458862,0.038529884,-278.5572453,21.78333333
1,16.75878525,4322224679,159239381.5,-1104.764404,0.036841996,-275.5108482,21.96666667
0.200000003,17.55003738,4251453365,148470959.7,-1104.764404,0.034922402,-272.9818978,22.38333333
20,17.75755882,4471423312,193646092.3,-1104.764404,0.043307483,-277.7862002,22.48333333
10,17.96253204,4428545427,178146038.2,-1104.764404,0.040226761,-279.0916199,22.6
5,18.18342018,4389240178,165671687.6,-1104.764404,0.037744958,-278.125279,22.71666667
1,18.55613136,4306356870,142516136.9,-1104.069946,0.033094361,-275.1377642,22.9
0.200000003,19.38175583,4244162468,144569426.9,-1104.069946,0.034063123,-272.5433474,23.31666667
20,19.58800507,4449683729,188158073.3,-1104.069946,0.042285718,-276.9871541,23.41666667
10,19.80475426,4412975546,174139263,-1104.069946,0.039460737,-278.2429689,23.53333333
5,20.0377388,4377018025,162120098,-1104.069946,0.037038937,-277.5515871,23.65
1,20.40249062,4292481508,150768324.6,-1104.069946,0.035123814,-274.6809206,23.81666667
0.200000003,21.23766518,4222231777,138104704.5,-1104.069946,0.032708935,-272.2640863,24.23333333
20,21.45759964,4421837034,182293719.1,-1103.37561,0.041225787,-276.1500626,24.35
10,21.66798401,4384058563,167523294.5,-1103.37561,0.038211919,-277.7449376,24.45
5,21.89873886,4347765142,155069663.8,-1103.37561,0.035666522,-277.0010704,24.56666667
1,22.26508331,4268134009,137693149.3,-1103.37561,0.032260738,-273.6745703,24.75
0.200000003,23.10630608,4197892206,130660553.3,-1103.37561,0.031125275,-271.4883836,25.16666667
20,23.32560158,4408056392,170636480.5,-1102.681152,0.03871014,-274.9618091,25.28333333
10,23.53993797,4372071749,154756322.8,-1102.681152,0.035396565,-276.5588164,25.38333333
5,23.77054214,4336415912,144275449.7,-1102.681152,0.033270668,-275.8700532,25.5
1,24.13052559,4251741279,134891531,-1102.681152,0.031726185,-273.2047082,25.68333333
0.200000003,24.94855499,4171238059,140223596.6,-1102.681152,0.033616781,-270.2927418,26.1
20,25.15859795,4384073167,163059247.4,-1102.681152,0.037193552,-274.645045,26.2
10,25.37654877,4350970583,152140466.2,-1102.681152,0.034967016,-276.1480051,26.31666667
5,25.60968399,4317911813,140077996.7,-1102.681152,0.032441143,-275.5723305,26.43333333
1,25.96207619,4244663188,127282285.7,-1102.681152,0.029986426,-272.8404716,26.61666667
0.200000003,26.78421783,4157989431,136853205,-1101.986694,0.032913312,-268.8268357,27.03333333
20,26.99584198,4361255785,161116950.3,-1101.986694,0.036942787,-273.6823515,27.13333333
10,27.20809937,4330651793,147349269.2,-1101.986694,0.034024734,-275.4027537,27.25
5,27.43680573,4296062071,138478014.5,-1101.986694,0.032233708,-274.7826929,27.36666667
1,27.7931881,4226939794,126144295.8,-1101.986694,0.029842937,-272.7665693,27.55
0.200000003,28.63838005,4143803206,134666533.1,-1101.292236,0.032498293,-268.8540884,27.96666667
20,28.85504913,4335604746,157802485.3,-1101.292236,0.03639688,-272.8273222,28.06666667
10,29.07582283,4304533415,145552780.6,-1101.292236,0.033813834,-274.6331301,28.18333333
5,29.31175613,4271860616,137213214.7,-1101.292236,0.032120246,-273.8244511,28.3
1,29.67560577,4207652904,139701609.3,-1101.292236,0.033201791,-270.9704318,28.48333333
0.200000003,30.50753403,4128259613,137996293.4,-1101.292236,0.033427231,-267.6487201,28.9
20,30.72104454,4304056480,153324446.8,-1100.597778,0.035623241,-271.7802892,29
10,30.93265724,4274067539,141028686.2,-1100.597778,0.032996364,-273.5403641,29.11666667
5,31.16195869,4245891620,132953067.5,-1100.597778,0.031313345,-272.8727372,29.23333333
1,31.52296638,4177759517,124328000,-1100.597778,0.029759491,-270.7737518,29.41666667
0.200000003,32.36769485,4113204638,127253077.1,-1100.597778,0.030937698,-268.662253,29.83333333
20,32.57767105,4285579503,150698784.5,-1099.90332,0.035164155,-270.6670415,29.93333333
10,32.79738617,4258115441,140570944.9,-1099.90332,0.03301248,-272.4461204,30.05
5,33.0369072,4227193910,131771864.3,-1099.90332,0.031172421,-271.9880236,30.16666667
1,33.40907669,4161176095,128202019.3,-1099.90332,0.030809084,-269.2288558,30.33333333
0.200000003,34.23545074,4086979441,133318645,-1099.90332,0.032620337,-267.8530129,30.75
20,34.44699478,4272849538,148862799,-1099.90332,0.034839232,-269.921416,30.86666667
10,34.6635704,4243670928,136284340.4,-1099.90332,0.032114729,-271.810385,30.96666667
5,34.89271545,4213477526,130201612.4,-1099.90332,0.030901223,-271.3515026,31.08333333
1,35.26394272,4151273945,122982563.4,-1099.90332,0.029625259,-269.3238757,31.26666667
0.200000003,36.11030197,4067525226,136072760.2,-1099.90332,0.033453453,-266.4525358,31.68333333
20,36.32775116,4251391610,146423172.3,-1099.90332,0.034441233,-269.4458116,31.78333333
10,36.55332184,4223519044,137449804.8,-1099.90332,0.032543905,-271.250198,31.9
5,36.78295517,4193106160,131486584.4,-1099.90332,0.031357799,-270.8317177,32.01666667
1,37.16567612,4127199339,129843910.7,-1099.208862,0.031460539,-268.5922787,32.2
0.200000003,38.0226593,4043382606,133382695.4,-1099.208862,0.0329879,-265.4415468,32.61666667
20,38.23760986,4225135952,145608759.5,-1099.208862,0.034462504,-268.6702586,32.71666667
10,38.45630646,4199654740,134489168.8,-1099.208862,0.032023862,-270.5309648,32.83333333
5,38.68875122,4171233469,130151957.6,-1099.208862,0.03120227,-270.0487951,32.93333333
1,39.0580368,4099075996,130188494.5,-1099.208862,0.03176045,-267.7149535,33.11666667
0.200000003,39.88502884,4022397858,130378624.6,-1099.208862,0.032413159,-264.2876164,33.53333333
20,40.09122849,4198526452,141349199,-1099.208862,0.033666383,-267.6422296,33.65
10,40.30836487,4170930534,132370602.6,-1099.208862,0.031736467,-269.5690756,33.75
5,40.52518845,4141665132,128167203.6,-1099.208862,0.030945815,-269.1786524,33.86666667
1,40.87666702,4070762379,125353836.6,-1099.208862,0.0307937,-266.5365199,34.05
0.200000003,41.70647049,3989263144,134565411.2,-1098.514526,0.033731896,-263.715159,34.46666667
20,41.91454315,4159238310,144735003.5,-1098.514526,0.03479844,-266.5506607,34.56666667
10,42.13011932,4133936106,134624636.9,-1098.514526,0.032565728,-268.468809,34.68333333
5,42.35225296,4107768491,128240329.6,-1098.514526,0.031218978,-268.0722881,34.8
1,42.71903992,4044259700,123278053.3,-1098.514526,0.030482229,-265.1348832,34.98333333
0.200000003,43.56352615,3967448871,135089184.9,-1098.514526,0.034049384,-262.6253484,35.4
20,43.77566528,4132013759,140284191.6,-1098.514526,0.033950564,-265.0071301,35.5
10,43.99811172,4107425915,130075376.2,-1098.514526,0.031668343,-266.9815796,35.61666667
5,44.22618103,4081092228,125528045.3,-1098.514526,0.030758444,-266.730151,35.73333333
1,44.5939064,4009632007,122564045.1,-1098.514526,0.030567406,-264.6200737,35.91666667
0.200000003,45.44713974,3927745549,135226178.7,-1098.514526,0.034428447,-261.5443663,36.31666667
20,45.65740204,4099372255,139746700.2,-1098.514526,0.034089781,-263.9834967,36.43333333
10,45.8723526,4074271173,131960012.4,-1098.514526,0.032388616,-266.084128,36.53333333
5,46.11135864,4043258677,128697353.7,-1098.514526,0.031830106,-265.8334851,36.65
1,46.47970581,3978006964,127531641.6,-1098.514526,0.032059181,-263.6463818,36.83333333
0.200000003,47.32575607,3890642632,136596208,-1098.514526,0.035108905,-260.027359,37.25
20,47.54445267,4061845395,138442990.2,-1098.514526,0.034083765,-262.8508335,37.35
10,47.76510239,4033803002,133067828.8,-1098.514526,0.032988183,-264.8709786,37.46666667
5,48.00695419,4004524248,128441947.5,-1098.514526,0.032074209,-264.2757763,37.58333333
1,48.37810135,3933461265,129166856.7,-1098.514526,0.032837965,-261.8558183,37.76666667
0.200000003,49.19760132,3847766833,141918246.2,-1097.820068,0.036883276,-258.6082521,38.18333333
20,49.41278458,4022494663,134145849.7,-1097.820068,0.033348918,-261.3603869,38.28333333
10,49.63541031,3994125133,128885293.1,-1097.820068,0.032268718,-263.3160194,38.4
5,49.85493851,3962738767,126463309,-1097.820068,0.031913109,-262.8976514,38.51666667
1,50.22515488,3892426029,125767608.5,-1097.820068,0.032310855,-260.1407282,38.7
0.200000003,51.06015778,3803312932,143072209.6,-1097.820068,0.037617784,-257.0007514,39.11666667
20,51.27844238,3976473510,133937881.5,-1097.820068,0.033682577,-259.9020001,39.21666667
10,51.49920654,3950172787,129400878,-1097.820068,0.032758284,-261.664731,39.31666667
5,51.73146057,3920512235,126324698.3,-1097.820068,0.032221477,-261.2521615,39.43333333
1,52.0961647,3849316561,129000445.6,-1097.820068,0.033512559,-258.7665499,39.61666667
0.200000003,52.92200089,3759925982,142147873.1,-1097.820068,0.03780603,-255.3832063,40.03333333
20,53.13618469,3933674905,133379331.2,-1097.820068,0.033907056,-258.0771321,40.15
10,53.35593414,3910388098,128267595.3,-1097.820068,0.032801755,-260.0509456,40.25
5,53.59917068,3877111932,126869191.9,-1097.820068,0.032722604,-259.7644083,40.36666667
1,53.96634674,3804839293,130077462.5,-1097.820068,0.034187373,-257.5622104,40.55
0.200000003,54.79125595,3713347778,145647004.5,-1097.820068,0.039222561,-253.6365053,40.96666667
20,55.01038742,3894383843,137247248,-1097.12561,0.035242353,-256.478591,41.06666667
10,55.22735596,3871227223,130763240,-1097.12561,0.033778239,-258.5496876,41.18333333
5,55.46317673,3842450858,130255752.7,-1097.12561,0.033899132,-258.014116,41.3
1,55.81564713,3767332879,133639953.3,-1097.12561,0.035473358,-255.3125212,41.48333333
0.200000003,56.62637711,3674184399,146862514.8,-1097.12561,0.03997146,-251.8166127,41.9
20,56.83376694,3860081201,135265114.9,-1097.12561,0.03504204,-255.0058951,42
10,57.04053879,3833909414,129997438.7,-1097.12561,0.033907279,-257.0648711,42.1
5,57.26397324,3800927420,128659760.6,-1097.12561,0.033849571,-256.730375,42.21666667
1,57.62443542,3727839442,135621069.3,-1097.12561,0.036380608,-254.2102907,42.4
0.200000003,58.44565964,3632259968,154591985,-1097.12561,0.042560827,-250.1885182,42.81666667
20,58.65366364,3824915235,137240350,-1097.12561,0.035880625,-253.6554344,42.93333333
10,58.87556076,3798613677,134481071.2,-1097.12561,0.035402671,-255.6351212,43.03333333
5,59.11535263,3769176780,132742791.2,-1097.12561,0.035217978,-255.0222804,43.15
1,59.47118378,3698420905,137128248.8,-1097.12561,0.037077513,-252.3540736,43.33333333
0.200000003,60.30073929,3615101136,156712441.9,-1097.12561,0.043349393,-248.8325022,43.75
20,60.51769638,3790973946,141974290.3,-1096.431152,0.037450612,-252.3571225,43.85
10,60.74175262,3768691499,140057720.2,-1096.431152,0.037163489,-254.2992502,43.96666667
5,60.9759903,3736030383,138564232.2,-1096.431152,0.037088625,-254.0075878,44.08333333
1,61.34817886,3666823818,142875285.9,-1096.431152,0.038964316,-251.5699351,44.26666667
0.200000003,62.18236542,3575693656,161474534.6,-1096.431152,0.045158941,-248.6029581,44.68333333
20,62.3826561,3757472038,142288192,-1096.431152,0.037868064,-251.0691542,44.78333333
10,62.60084534,3729680005,141821401.2,-1096.431152,0.038025085,-253.1353315,44.9
5,62.82767487,3699151121,141423589.8,-1096.431152,0.038231362,-252.6228601,45.01666667
1,63.17085648,3626004726,147255632,-1096.431152,0.040610988,-250.4043891,45.18333333
0.200000003,63.98112869,3537206666,164334531.1,-1096.431152,0.046458844,-246.5637156,45.6
20,64.20265198,3723609612,148111536.8,-1096.431152,0.039776333,-249.8021539,45.71666667
10,64.43065643,3692783635,146097209,-1096.431152,0.039562896,-251.7458716,45.81666667
5,64.66390228,3660961642,145113529.4,-1096.431152,0.039638091,-251.2977443,45.93333333
1,65.03043365,3584815936,152299549.1,-1096.431152,0.042484622,-248.7902296,46.11666667
0.200000003,65.87611389,3490288181,170673695.5,-1096.431152,0.048899598,-245.2690884,46.53333333
20,66.08591461,3685350867,148141527.8,-1096.431152,0.040197402,-248.4558644,46.63333333
10,66.30281067,3654889163,146299166,-1096.431152,0.040028345,-250.262196,46.75
5,66.53327942,3626189158,145737251.5,-1096.431152,0.040190194,-249.7979453,46.86666667
1,66.91369629,3549337020,153514602.9,-1096.431152,0.043251626,-247.1016815,47.05
0.200000003,67.76255798,3449217894,173202525.9,-1096.431152,0.050215013,-243.5578328,47.46666667
20,67.97363281,3647109230,147181462.9,-1096.431152,0.040355649,-247.0251418,47.56666667
10,68.18286896,3622291889,145946093.3,-1096.431152,0.04029109,-248.8288922,47.68333333
5,68.4056015,3591554372,146530644.5,-1096.431152,0.040798672,-248.4957054,47.78333333
1,68.75197601,3510729857,155659078.8,-1096.431152,0.044338096,-245.7882187,47.96666667
0.200000003,69.61253357,3401009221,178094010.3,-1096.431152,0.052365046,-242.1273534,48.38333333
20,69.84539032,3614723510,150531708.4,-1096.431152,0.041644044,-245.5569725,48.5
10,70.09082794,3582714999,149738537,-1096.431152,0.04179471,-247.6715576,48.6
5,70.33779907,3548785811,151595359.7,-1096.431152,0.042717528,-247.1713191,48.71666667
1,70.74337769,3460865262,163036363,-1096.431152,0.047108557,-244.560517,48.9
0.200000003,71.56906891,3351371828,185677489.4,-1096.431152,0.05540343,-240.2923662,49.31666667
20,71.7753067,3574160619,153321252.1,-1097.12561,0.042897135,-244.3068812,49.43333333
10,71.98368835,3545615837,153705072,-1097.12561,0.043350741,-246.0643188,49.53333333
5,72.20588684,3509197237,155952417.1,-1097.12561,0.044441052,-245.5447583,49.65
1,72.56219482,3420313429,169150855.4,-1097.12561,0.049454782,-242.4528713,49.83333333
0.200000003,73.40985107,3295151848,195779588.8,-1097.12561,0.059414435,-238.0346901,50.25
20,73.64186859,3534900017,158411251,-1097.820068,0.044813503,-242.8126188,50.36666667
10,73.88217163,3500102288,159836568.1,-1097.820068,0.045666255,-244.6470823,50.46666667
5,74.12001801,3461842291,161921766,-1097.820068,0.046773292,-244.0512254,50.58333333
1,74.5002594,3367310990,177588270.3,-1097.820068,0.052738898,-240.8053239,50.76666667
0.200000003,75.33563232,3233514288,208328917,-1097.820068,0.064428017,-236.1313746,51.18333333
20,75.53968048,3481992298,163190073.5,-1097.820068,0.046866868,-241.2930303,51.28333333
10,75.74158478,3452864386,163500806.6,-1097.820068,0.047352225,-243.010552,51.4
5,75.97540283,3412900273,167868647.7,-1098.514526,0.049186509,-242.2663855,51.51666667
1,76.3436203,3305582675,184651548.5,-1098.514526,0.055860516,-238.8756722,51.7
0.200000003,77.19205475,3150903664,222961669.7,-1098.514526,0.070761181,-233.9276617,52.11666667
20,77.41114044,3427375872,167298061.9,-1098.514526,0.048812289,-239.3323849,52.21666667
10,77.62133026,3392877741,170184111.5,-1098.514526,0.050159223,-241.1534184,52.33333333
5,77.8471756,3345546371,176057111,-1098.514526,0.052624322,-240.3744237,52.43333333
1,78.2129364,3224489231,197647821.2,-1098.514526,0.061295856,-236.5626302,52.61666667
0.200000003,79.04663849,3051126488,241919076.4,-1098.514526,0.079288445,-230.4947693,53.03333333
20,79.26419067,3364321484,175522579.6,-1099.208862,0.052171763,-237.2874935,53.15
10,79.47131348,3319184519,179086322.1,-1099.208862,0.053954918,-238.8771873,53.25
5,79.68212128,3270788910,186942315.3,-1099.208862,0.057155114,-237.7939607,53.36666667
1,80.03836823,3133399753,215415144.8,-1099.208862,0.068748057,-233.4514026,53.55
0.200000003,80.86071777,2933232646,270072853.5,-1099.208862,0.092073455,-226.7463473,53.96666667
20,81.07305145,3279892621,184939449.3,-1099.208862,0.056385826,-234.8215219,54.06666667
10,81.29613495,3232953899,190877099,-1099.90332,0.059041083,-236.0441733,54.18333333
5,81.52657318,3175221536,201302606,-1099.90332,0.063397974,-234.9964669,54.3
1,81.8766861,3019066028,235516748.3,-1099.90332,0.078009807,-230.0636072,54.48333333
0.200000003,82.70118713,2775319611,305680131.2,-1099.90332,0.110142313,-222.2261694,54.9
20,82.92303467,3204882715,199109831.6,-1100.597778,0.062127024,-231.6132168,55
10,83.14040375,3141108959,208952860.8,-1100.597778,0.066522002,-232.8281807,55.11666667
5,83.37467957,3073882324,223087084.4,-1101.292236,0.072575025,-231.336406,55.23333333
1,83.73176575,2877206486,268910583.9,-1101.292236,0.093462385,-225.7233872,55.41666667
0.200000003,84.55065918,2568876400,356091579.9,-1101.292236,0.138617635,-216.3240508,55.83333333
20,84.75767517,3053560612,216952967.3,-1103.37561,0.071049176,-228.7953911,55.93333333
10,84.96316528,2983393917,231912896.1,-1103.37561,0.07773459,-229.2822184,56.05
5,85.19499207,2899322235,253022537.2,-1104.069946,0.087269545,-227.4773644,56.16666667
1,85.54380035,2659143863,314298118.2,-1104.069946,0.118195228,-220.3162324,56.35
0.200000003,86.35167694,2267108454,413970481.5,-1104.069946,0.182598442,-208.3436342,56.76666667
20,86.56726837,2919816486,252367220.2,-1108.93103,0.086432561,-223.0450799,56.86666667
10,86.78837585,2840192029,277737803.9,-1110.319946,0.097788386,-245.2525348,56.98333333
5,87.02550507,2725300628,305149629.1,-1111.708862,0.111969166,-242.4517116,57.1
1,87.39263916,2416556822,384116499.9,-1112.40332,0.158951983,-231.9021296,57.28333333
0.200000003,88.22105408,1900917696,487365202,-1113.792114,0.256384164,-214.3182148,57.71666667
20,88.44158173,2764827654,309366967.4,-1121.43103,0.111893758,-239.035429,57.81666667
10,88.66271973,2653091205,341941448,-1124.903198,0.128884166,-242.2814053,57.93333333
5,88.90042114,2512526649,382248971.7,-1126.986572,0.15213728,-234.863196,58.05
1,89.27000427,2100637493,474232991.6,-1128.375366,0.22575669,-216.6358207,58.23333333
0.200000003,90.10639954,1468192130,547147073.3,-1130.45874,0.372667223,-194.4751463,58.65
20,90.31956482,2616156029,396447350,-1145.041992,0.151538119,-227.3058423,58.76666667
10,90.54345703,2457157684,443515346.8,-1150.597534,0.180499345,-234.3775658,58.86666667
5,90.77441406,2249897047,489025766,-1156.152954,0.21735473,-222.4428446,58.98333333
1,91.14369202,1688717250,568315210,-1159.625244,0.336536616,-205.7826802,59.18333333
0.200000003,91.97272491,941681021.9,536444084.1,-1163.097412,0.569666445,-174.7529288,59.6
20,92.19692993,2326458559,493850722.5,-1186.708374,0.212275743,-237.0364577,59.7
10,92.41990662,2088866614,538930418.5,-1202.68042,0.258001357,-219.975358,59.81666667
5,92.65607452,1815823293,580452291.9,-1213.791504,0.319663435,-212.1379201,59.93333333
1,93.02075195,1161357735,589226519.1,-1220.735962,0.507360041,-187.1199156,60.11666667
0.200000003,93.85561371,486691681.7,406932421.8,-1223.513672,0.836119533,-153.2750227,60.55
20,94.07920074,1948845548,577053500,-1263.79126,0.296100169,-204.5674171,60.65
10,94.31813049,1655582641,607443277.8,-1290.179932,0.366906047,-197.0874448,60.76666667
5,94.55767059,1334056190,611916374.3,-1309.624268,0.458688587,-185.3665744,60.88333333
1,94.9361496,696588660,509759841.2,-1316.568604,0.731794655,-158.2964398,61.06666667
0.200000003,95.75965881,215989264.4,250130541.5,-1315.874146,1.158069372,-127.0279697,61.5
20,96.21512604,1443417350,610333421.8,-1408.234741,0.422839195,-173.8705907,61.73333333
10,96.4433136,1128060184,594239819.2,-1431.151245,0.526780248,-166.1088321,61.83333333
5,96.69420624,824115568.2,543908981.2,-1444.345581,0.659991145,-152.8882469,61.95
1,97.07698059,343005660.1,345421033.1,-1442.956665,1.007041812,-131.1479419,62.15
0.200000003,97.92134857,113763165.1,145590060.7,-1436.012329,1.279764533,-114.6015487,62.56666667
20,98.25505066,990027705.7,575138299.1,-1477.678711,0.580931544,-141.9920761,62.73333333
10,98.46913147,723645939.1,514540984.7,-1491.567505,0.711039662,-135.3468198,62.85
5,98.70652008,497654054.3,424294279.8,-1492.956421,0.852588832,-126.9846964,62.96666667
1,99.06108093,209877588.5,224199360.3,-1488.095337,1.068238735,-115.0363769,63.15
0.200000003,99.88214111,72628814.87,79280485.73,-1479.067627,1.091584444,-108.1275807,63.56666667
20,100.1038895,664357902.6,499942447.9,-1489.484253,0.752519727,-126.4530247,63.66666667
10,100.3382187,453149820.9,408205684.4,-1497.123047,0.900818348,-122.2536511,63.78333333
5,100.5949326,310304669.4,310226510.2,-1495.734131,0.999748111,-114.5303961,63.9
1,101.0025482,116512781.6,135233167.9,-1486.011963,1.160672426,-108.3812445,64.1
0.200000003,101.8558121,48272482.07,43531894.89,-1472.817627,0.901795268,-104.7324344,64.51666667
20,102.0692825,408558665.7,388522547,-1477.678711,0.950959027,-114.7852195,64.61666667
10,102.2812195,284038527.6,296523322.9,-1482.539795,1.043954611,-112.1400663,64.73333333
5,102.5127869,188888407,210916608,-1480.456421,1.116620183,-107.9964327,64.85
1,102.8761292,74184371.22,81686744.1,-1472.123169,1.101131439,-104.6789483,65.03333333
0.200000003,103.753006,34727624.55,27447110.29,-1463.789917,0.790353835,-103.6330376,65.45
20,103.9796982,272542862.4,288928003.9,-1467.262085,1.06011951,-109.3889509,65.56666667
10,104.2091599,182543544.3,205989356.1,-1472.123169,1.128439546,-108.0033534,65.68333333
5,104.4466324,117353417.1,137211337,-1470.039917,1.169214725,-105.3460327,65.8
1,104.8082199,52571552.42,49339390.05,-1463.095459,0.938518822,-103.5233251,65.98333333
0.200000003,105.6121063,27492419.56,19359685.81,-1456.151123,0.704182684,-103.1437039,66.4
20,105.8246307,183417456.8,209485644.8,-1458.234375,1.142124891,-106.4768067,66.51666667
10,106.0559387,120996531.5,141071286.5,-1462.401001,1.165911794,-105.6380412,66.61666667
5,106.3069611,79128841.97,89798319.51,-1461.706543,1.134836793,-104.6583264,66.75
1,106.6874924,39953704.52,31642903.94,-1457.539917,0.791989207,-103.5477535,66.93333333
0.200000003,107.5267868,28492343.24,15190186.48,-1453.373291,0.533132255,-103.176353,67.35
20,107.7480621,123501499.5,145738920.5,-1454.762207,1.180057883,-105.4421936,67.45
10,107.9730225,83139978.9,94137929.91,-1457.539917,1.132282376,-105.0471223,67.56666667
5,108.2004395,60108408.46,59682333.76,-1457.539917,0.992911577,-104.4315973,67.68333333
1,108.5888901,35830932.51,21126039.98,-1454.762207,0.589603424,-103.7459765,67.86666667
0.200000003,109.4924164,26774330.05,10368193.22,-1451.984497,0.387243807,-103.5558526,68.28333333
20,109.7247543,87648536.58,100641764.6,-1451.984497,1.148242354,-104.1695071,68.38333333
10,109.9564743,62459568.1,63690628.06,-1452.678833,1.019709706,-104.2450741,68.5
5,110.1949539,48219948.87,40268711.37,-1451.984497,0.835104823,-104.0291283,68.61666667
1,110.5606842,33488854.94,13859515.56,-1450.595581,0.413854569,-103.6742721,68.8
0.200000003,111.3951721,24232394.88,6916232.477,-1449.206665,0.285412669,-103.5106808,69.21666667
20,111.6207733,67787930.52,71148079.6,-1448.512207,1.049568534,-103.3409076,69.33333333
10,111.8494568,52225247.33,45662043.48,-1448.512207,0.874328911,-103.7951512,69.45
5,112.0833817,41750688.65,28429088.25,-1448.512207,0.680925012,-103.7959929,69.56666667
1,112.4333572,31169736.8,10680436.49,-1448.512207,0.342654049,-103.6188594,69.73333333
0.200000003,113.2283478,27689049.87,7634916.108,-1447.123413,0.275737733,-103.4706527,70.16666667
20,113.4437561,56585545.02,52230606.6,-1444.345581,0.923037946,-102.8728411,70.26666667
10,113.6795425,44816221.52,33341941.28,-1445.040039,0.743970394,-103.5919153,70.38333333
5,113.9338379,38531829.91,20741804.39,-1445.734497,0.538303137,-103.6816604,70.5
1,114.3402863,29998303.57,7859361.46,-1445.734497,0.261993527,-103.5724904,70.68333333
0.200000003,115.2312546,26825146.91,8467200.534,-1445.734497,0.315644145,-103.5496894,71.1
20,115.4602432,49225414.37,38077355.01,-1443.651123,0.773530424,-102.6057099,71.2
10,115.6954117,38721229.77,23132320.73,-1444.345581,0.597406685,-103.4549782,71.31666667
5,115.9379807,33794486.33,15014382.01,-1444.345581,0.444284976,-103.6128178,71.43333333
1,116.3314667,31529482.43,6055589.823,-1443.651123,0.192061186,-103.5572087,71.61666667
0.200000003,117.2369385,28977761.06,7685446.914,-1444.345581,0.265218794,-103.5141411,72.03333333
20,117.4606857,41515686.13,28030054.37,-1442.262329,0.675167799,-102.4613003,72.15
10,117.6736298,35893995.17,17959566.11,-1442.262329,0.500350177,-103.3328832,72.25
5,117.8874969,32791684.16,11437855,-1442.262329,0.34880352,-103.5369702,72.36666667
1,118.2312927,31741326.66,5660058.699,-1441.567871,0.178318277,-103.5965634,72.55
0.200000003,119.0281372,26672001.97,7147545.612,-1440.178955,0.267979354,-103.5203885,72.96666667
20,119.2376862,40603509.03,22536752.71,-1438.095581,0.555044472,-102.2865984,73.08333333
10,119.4555664,34432271.6,13605168.01,-1438.790039,0.395128399,-103.2942206,73.2
5,119.6799316,34050120.72,8858461.197,-1438.790039,0.260159463,-103.5156188,73.31666667
1,120.0459518,31320995.89,4759271.669,-1439.484497,0.151951477,-103.6275664,73.5
0.200000003,120.8211899,27850114.72,5986604.755,-1439.484497,0.214957997,-103.5397759,73.91666667
20,121.0514145,38329804.48,16729378.17,-1437.401245,0.436458737,-102.2435869,74.01666667
10,121.2486191,35041122.06,11664993.84,-1437.401245,0.332894415,-103.2647888,74.13333333
5,121.4865646,32510642.16,7168138.364,-1437.401245,0.220485896,-103.5392803,74.25
1,121.8707886,30535508.07,4220976.326,-1436.706787,0.138231739,-103.5746695,74.43333333
0.200000003,122.7136459,31059956.6,7137802.602,-1436.012329,0.229807243,-103.5235028,74.85
20,122.9086533,36116769.82,13413509.86,-1436.012329,0.371392846,-102.1808046,74.95
10,123.1275711,33966517.47,9086964.302,-1435.317871,0.267527103,-103.2600004,75.06666667
5,123.3231964,32841169.36,6504023.327,-1435.317871,0.198044822,-103.5066686,75.18333333
1,123.6824722,32535075.07,4284866.18,-1435.317871,0.131699905,-103.6009403,75.36666667
0.200000003,124.4736786,31809836.6,7887778.773,-1434.623413,0.247966647,-103.5659345,75.78333333
20,124.6842117,37325581,11320667.5,-1431.151245,0.303295135,-102.1346601,75.9
10,124.8907013,36177589.67,8423771.407,-1431.151245,0.232845008,-103.241969,76
5,125.1167603,33207079.45,5579364.905,-1431.151245,0.168017328,-103.5137483,76.11666667
1,125.464859,31471736.67,3875791.417,-1431.151245,0.123151496,-103.5839658,76.3
0.200000003,126.2582321,29723165.23,7011994.317,-1431.151245,0.235910088,-103.5964699,76.71666667
20,126.4644165,35691578.55,10089301.93,-1429.762329,0.282680184,-102.1417211,76.81666667
10,126.6774368,33854487.94,7233271.867,-1429.762329,0.213657692,-103.2599068,76.93333333
5,126.9069138,34777064.1,5406178.131,-1429.762329,0.1554524,-103.5255136,77.05
1,127.2494125,31455600.19,3934215.243,-1429.762329,0.125072017,-103.6128271,77.23333333
0.200000003,128.0660858,30027795.83,7172228.716,-1429.762329,0.238852978,-103.5421047,77.65
20,128.2986603,36415125.13,9075566.082,-1426.290161,0.249225184,-102.1204913,77.75
10,128.5275116,35805860.66,6316774.183,-1427.679077,0.176417321,-103.2470006,77.86666667
5,128.7762451,33701064.28,4761820.498,-1428.373535,0.14129585,-103.5536361,77.98333333
1,129.1482391,33348079.66,3274391.856,-1428.373535,0.098188318,-103.5613799,78.16666667
0.200000003,129.9515533,28671823.24,6293124.873,-1428.373535,0.219488129,-103.571602,78.58333333
20,130.1627197,34887845.09,7250599.835,-1423.512451,0.207825959,-102.1025161,78.68333333
10,130.3774261,33570554.41,6192678.158,-1424.206787,0.184467554,-103.2920041,78.8
5,130.6170502,34807371.34,4581205.24,-1425.595703,0.131615952,-103.5232597,78.91666667
1,131.0107117,32146746.68,3296521.241,-1426.290161,0.102546029,-103.6207486,79.1
0.200000003,131.8570709,30293702.15,7501134.121,-1426.290161,0.247613639,-103.5574145,79.51666667
20,132.065155,36766219,6699106.403,-1422.817993,0.182208195,-102.1310034,79.63333333
10,132.269165,35334577.75,5794303.998,-1422.817993,0.163983956,-103.2369281,79.73333333
5,132.4900513,33960750.71,4580945.264,-1422.817993,0.134889394,-103.5450881,79.85
1,132.8530884,33427210.34,3188556.802,-1422.817993,0.095388062,-103.5945526,80.03333333
0.200000003,133.7172546,32947898.3,7767461.78,-1422.817993,0.235749841,-103.5667762,80.45
20,133.9440765,35246837.69,6328191.963,-1420.734619,0.179539278,-102.1093153,80.56666667
10,134.171524,35507524.92,4989122.333,-1421.429077,0.140508875,-103.2733181,80.66666667
5,134.40271,35545153.88,4272824.13,-1422.123535,0.120208345,-103.5276085,80.78333333
1,134.7629395,32970424.17,3096706.836,-1424.206787,0.093923777,-103.6271456,80.98333333
0.200000003,135.5818176,31521133.84,7356623.822,-1422.817993,0.233387038,-103.6011835,81.4
20,135.8126984,36417465.73,5715996.855,-1419.345703,0.156957567,-102.1155626,81.5
10,136.0607605,34907225.16,4609695.086,-1420.040161,0.13205561,-103.2658362,81.61666667
5,136.3141327,34674677.34,3979493.137,-1420.040161,0.114766546,-103.5500822,81.73333333
1,136.6840515,32341346.07,3773715.977,-1420.040161,0.116683945,-103.609133,81.91666667
0.200000003,137.4619904,30057480.43,6249959.798,-1419.345703,0.20793359,-103.6218054,82.33333333
20,137.6735077,36165505.24,6701006.514,-1413.790283,0.185287237,-102.1089318,82.43333333
10,137.9046936,34936000.25,4385352.829,-1414.484619,0.125525326,-103.2636852,82.55
5,138.1511993,34713369.03,3908043.181,-1415.873535,0.112580344,-103.5418054,82.66666667
1,138.5467224,34413644.57,2941268.76,-1417.956909,0.085468099,-103.6423993,82.85
0.200000003,139.3874664,36346696.69,7749441.084,-1417.262451,0.213208959,-103.5403464,83.28333333
20,139.5936737,37127105.6,5316970.309,-1416.567993,0.143209934,-102.1218942,83.38333333
10,139.8048706,36886245.05,3967371.22,-1415.873535,0.107556932,-103.2366195,83.5
5,140.0404358,34919726.86,3777983.586,-1413.790283,0.108190529,-103.5418334,83.61666667
1,140.4069061,34303831.77,3460225.798,-1414.484619,0.100869954,-103.6261729,83.8
0.200000003,141.2810822,37525288.65,6288401.694,-1415.179077,0.167577699,-103.586042,84.21666667
20,141.5172729,36075092.07,5108031.459,-1413.095825,0.14159441,-102.1460606,84.33333333
10,141.7362823,37166638.34,4542374.602,-1413.095825,0.122216456,-103.2840733,84.43333333
5,141.9668579,35211418.94,3711110.93,-1413.095825,0.105395094,-103.5441996,84.55
1,142.342392,33156026.25,3239028.727,-1413.095825,0.0976905,-103.6505171,84.73333333
0.200000003,143.1960449,34533915.11,6125445.283,-1411.706909,0.177374765,-103.6441482,85.15
20,143.4082184,37400265.18,5187422.11,-1406.845825,0.138700143,-102.1119713,85.26666667
10,143.6248016,37678086.41,4463567.065,-1407.540283,0.118465863,-103.2850366,85.36666667
5,143.8489075,35894764.5,3828072.677,-1407.540283,0.106647104,-103.5494276,85.48333333
1,144.2223358,35844689.26,2951557.801,-1408.929199,0.08234296,-103.6056445,85.66666667
0.200000003,145.0515442,33307265.79,9432876.575,-1408.929199,0.283207774,-103.5868463,86.08333333
20,145.2649689,36812193.29,5048005.803,-1406.151367,0.137128636,-102.1077815,86.2
10,145.4793549,35567343.98,4143073.003,-1406.151367,0.116485313,-103.2911624,86.3
5,145.7254639,36520044.82,3920039.592,-1406.845825,0.107339397,-103.5624834,86.43333333
1,146.0992126,33259400.76,2816729.796,-1409.623657,0.084689736,-103.6495538,86.61666667
0.200000003,146.9145813,34376159.04,2045643.568,-1408.929199,0.059507627,-103.6996918,87.03333333
20,147.1214142,37434852.66,4753094.169,-1406.151367,0.126969755,-102.1161518,87.13333333
10,147.3291931,36734901.2,4525890.539,-1406.151367,0.123204105,-103.2648355,87.25
5,147.5636749,35051801.48,3852550.408,-1404.068115,0.109910198,-103.5715365,87.36666667
1,147.9242096,34279447.76,3157377.747,-1404.068115,0.09210702,-103.6136876,87.55
0.200000003,148.7835999,31108160.66,6553684.964,-1404.068115,0.210674137,-103.7357264,87.96666667
20,149.0001678,38564458.19,6160653.364,-1401.984741,0.159749508,-102.1216229,88.06666667
10,149.2170563,36015123.06,4411480.881,-1402.679199,0.122489683,-103.2925559,88.18333333
5,149.4352112,36041919.39,3766498.164,-1402.679199,0.104503259,-103.5410291,88.3
1,149.7991943,34873586.31,2841249.702,-1401.984741,0.081472829,-103.6214313,88.48333333
0.200000003,150.656311,32075377.81,5539092.986,-1401.290283,0.17268987,-103.5354364,88.9
20,150.8831177,38432324.9,4789483.554,-1397.818115,0.124621227,-102.2007345,89
10,151.1064606,38063513.49,3862822.743,-1399.901489,0.101483613,-103.2776763,89.11666667
5,151.3373566,38068302.28,4476290.025,-1399.901489,0.117585756,-103.5660747,89.23333333
1,151.7205048,36001702.07,2947350.093,-1400.595825,0.081866965,-103.6333555,89.41666667
0.200000003,152.5663757,35067758.66,3012885.174,-1399.207031,0.085916102,-103.5573022,89.83333333
20,152.7872162,38812904.51,4890599.363,-1395.734741,0.126004472,-102.1593784,89.95
10,153.0052032,36809855.95,3599622.953,-1395.734741,0.097789645,-103.2987565,90.05
5,153.2169189,37384516.63,3834856.517,-1395.734741,0.102578737,-103.6006597,90.16666667
1,153.5786743,34303952.39,2845009.175,-1395.040405,0.082935318,-103.6517797,90.35
0.200000003,154.3956146,41620263.54,11015261.05,-1395.040405,0.264661014,-103.6529487,90.76666667
20,154.6130524,38643797.5,4370960.803,-1392.262573,0.113108985,-102.1481182,90.88333333
10,154.8370056,39204176.59,5000571.081,-1392.957031,0.127552003,-103.2828295,90.98333333
5,155.0666656,37034697.38,3697412.447,-1392.957031,0.099836446,-103.5831334,91.1
1,155.4472046,35706759.88,3226948.17,-1393.651489,0.090373591,-103.6260607,91.3
0.200000003,156.2684021,34773960.68,7851362.494,-1393.651489,0.225782812,-103.7577512,91.7
20,156.4895172,40899210.78,3126099.265,-1390.873779,0.076434217,-102.1769515,91.81666667
10,156.7055664,37123888.08,3717915.144,-1390.873779,0.100148857,-103.3304329,91.93333333
5,156.9368134,37771762.74,5095171.176,-1390.873779,0.134893656,-103.5757264,92.03333333
1,157.3021698,35180166.33,4932857.78,-1390.873779,0.140217006,-103.6503394,92.21666667
0.200000003,158.09552,39300405.41,8150080.462,-1390.873779,0.207379043,-103.7102786,92.63333333
20,158.3141174,39318175.09,4548547.619,-1386.012695,0.115685619,-102.1972835,92.75
10,158.5206757,39499490.41,5030120.801,-1389.484863,0.127346471,-103.2817913,92.86666667
5,158.7642517,39156412.62,3627581.436,-1390.179321,0.092643358,-103.5620252,92.98333333
1,159.1375122,37102102.21,5940401.866,-1390.179321,0.16010958,-103.7007579,93.16666667
0.200000003,160.0007782,39030055.85,5380786,-1390.179321,0.137862623,-103.6398648,93.58333333
20,160.2117767,39828286.61,4098882.283,-1388.095947,0.102913849,-102.1542814,93.68333333
10,160.4265594,40505888.24,4983626.151,-1385.318237,0.123034611,-103.3262711,93.8
5,160.6416626,37593358.5,3753344.898,-1385.318237,0.099840641,-103.6076553,93.91666667
1,160.9858398,38621571.54,2994025.87,-1384.623779,0.077522114,-103.5604259,94.1
0.200000003,161.858902,35375094.97,7335480.147,-1383.929321,0.207362831,-103.528497,94.51666667
20,162.0888824,42491453.99,4290841.566,-1380.457153,0.100981288,-102.1745385,94.63333333
10,162.3141022,38988338.99,4075015.782,-1383.234863,0.104518838,-103.3307415,94.75
5,162.5393372,39343269.76,3625916.445,-1384.623779,0.092161037,-103.5857708,94.86666667
1,162.8822327,37223973.36,3019802.262,-1384.623779,0.0811252,-103.6950624,95.03333333
0.200000003,163.6967773,33344076.51,9557439.581,-1381.151611,0.286630809,-103.5411507,95.46666667
20,163.9324493,42188397.92,4954837.21,-1379.068237,0.117445491,-102.2130515,95.56666667
10,164.1715851,39670331.69,3987569.933,-1379.068237,0.10051769,-103.313739,95.68333333
5,164.4145355,38755817.25,3676104.147,-1379.068237,0.094852962,-103.6138559,95.8
1,164.7827454,39495526.38,5823339.469,-1379.068237,0.147443011,-103.6710175,95.98333333
0.200000003,165.5745087,46426905.95,3559815.568,-1379.068237,0.076675698,-103.7591914,96.4
20,165.7836151,42266540.84,4915764.524,-1377.679321,0.116303921,-102.2465984,96.5
10,165.9990234,40029464.46,3864533.372,-1380.457153,0.096542224,-103.3321725,96.61666667
5,166.2381744,41347182.2,3751592.705,-1381.151611,0.090733938,-103.6053733,96.73333333
1,166.6288757,43787741.18,4883809.003,-1380.457153,0.111533709,-103.6414547,96.91666667
0.200000003,167.492691,31492260.96,11463423.17,-1381.151611,0.364007622,-103.6099466,97.33333333
20,167.7088013,41718862.3,4077531.605,-1379.762695,0.097738318,-102.1872764,97.45
10,167.9277802,42731955.95,4044454.68,-1379.068237,0.09464708,-103.3249244,97.55
5,168.1547241,41523033.93,3364899.969,-1376.984863,0.081036948,-103.6458409,97.66666667
1,168.5089722,39649047.84,2859104.55,-1375.596069,0.072110295,-104.1905873,97.86666667
0.200000003,169.3734283,32547234.47,8018806.964,-1375.596069,0.246374443,-103.7662992,98.26666667
20,169.6048126,43693210.76,5019220.122,-1374.901611,0.114874139,-102.1989669,98.38333333
10,169.8317566,40561068.47,4651394.839,-1374.207153,0.114676341,-103.3812629,98.5
5,170.0762024,41638091.9,3504403.07,-1374.901611,0.08416339,-103.6379756,98.61666667
1,170.4177094,42721387.37,5894590.164,-1374.207153,0.137977496,-103.7116721,98.8
0.200000003,171.236969,34894697.39,10224659.26,-1374.207153,0.293014705,-103.6745246,99.21666667
20,171.4667816,43849900.84,5542819.453,-1372.123779,0.126404375,-102.2071502,99.31666667
10,171.6924438,42787494.77,3954429.032,-1370.734985,0.092420205,-103.3549828,99.43333333
5,171.9403839,42662184.43,3692382.837,-1371.429443,0.086549319,-103.6441014,99.55
1,172.3095856,40808390.13,3691037.316,-1371.429443,0.090448,-103.6924624,99.73333333
0.200000003,173.1075287,49818043.59,59781.65423,-1372.818237,0.0012,-103.5496427,100.15
20,173.3166351,44318843.15,4945421.412,-1372.818237,0.111587331,-102.2156608,100.2666667
10,173.5349731,41891626.92,3540051.237,-1372.123779,0.084504984,-103.3795328,100.3666667
5,173.7714691,41350885.43,3956014.971,-1371.429443,0.095669411,-103.6554177,100.4833333
1,174.1658173,41899903.79,2873489.241,-1372.818237,0.068579853,-103.6865517,100.6833333
0.200000003,174.9806213,47469429.93,10621355.8,-1372.818237,0.2237515,-104.442895,101.0833333
20,175.181778,42691158.37,4235522.382,-1370.734985,0.099213101,-102.225724,101.2
10,175.383255,42805720.84,3519646.743,-1369.346069,0.082223751,-103.3485858,101.3166667
5,175.6156006,43315072.8,4001413.481,-1367.957153,0.092379235,-103.6429043,101.4333333
1,176.0093079,40399485.29,2928775.011,-1370.040527,0.072495356,-103.7367645,101.6166667
0.200000003,176.8829956,53825219.75,7278944.616,-1370.040527,0.13523297,-103.6198882,102.0333333
20,177.0981598,44682621.28,5171673.968,-1366.568359,0.115742408,-102.1649243,102.1333333
10,177.3024902,42910490.58,4305819.15,-1366.568359,0.100344211,-103.3768767,102.25
5,177.5284729,43324086.41,3639816.634,-1369.346069,0.0840137,-103.6725232,102.3666667
1,177.8887787,42152363.05,2836640.823,-1370.734985,0.06729494,-103.7161706,102.55
0.200000003,178.7751923,37319749.05,44783.70194,-1370.040527,0.0012,-103.6129674,102.9666667
20,178.9944916,45830351.82,4491815.271,-1365.179443,0.098009616,-102.294099,103.0833333
10,179.2055054,43308119.45,4495814.347,-1365.179443,0.103809968,-103.37784,103.1833333
5,179.4203491,43274565.36,3649603.244,-1363.790527,0.08433599,-103.6673046,103.3
1,179.7596436,41798322.23,2983493.356,-1365.179443,0.071378306,-103.739327,103.4833333
0.200000003,180.6330109,48726833.1,11155676.1,-1365.179443,0.228943184,-103.5300682,103.9
20,180.8688507,45597918.1,4240798.929,-1363.096069,0.093004219,-102.2743655,104.0166667
10,181.1021576,44349323.16,4338817.43,-1365.179443,0.097832777,-103.3900261,104.1333333
5,181.3310089,43546505.74,3815299.189,-1365.873901,0.087614357,-103.6649758,104.25
1,181.666153,41643672.84,2737058.183,-1365.179443,0.065725669,-103.737363,104.4333333
0.200000003,182.4949646,42353322.49,3403513.417,-1361.707275,0.08036001,-103.5885484,104.85
20,182.7352753,46597372.35,4214946.744,-1365.179443,0.090454601,-102.2478423,104.9666667
10,182.9787598,45097788.37,4461339.335,-1365.873901,0.098925903,-103.3994439,105.0666667
5,183.2317963,43614745.1,3636848.093,-1365.179443,0.083385743,-103.6676039,105.2
1,183.5857239,41822217.25,2823025.059,-1362.401733,0.067500606,-103.7333976,105.3833333
0.200000003,184.3594666,39876242.91,3707251.622,-1363.790527,0.092968926,-103.8150998,105.8
20,184.5927734,47452116.63,4770778.28,-1369.346069,0.10053879,-102.2586349,105.9
10,184.8349762,45121862.69,3008053.399,-1368.651611,0.066665098,-104.2534444,106.0166667
5,185.0883331,44026759.88,3790646.238,-1367.262817,0.086098686,-104.5840126,106.1333333
1,185.4683685,42779592.79,2964624.68,-1365.873901,0.069299974,-104.6779195,106.3166667
0.200000003,186.2573853,42288818.96,4947234.321,-1365.873901,0.116986819,-104.6679873,106.7333333
20,186.4655457,47671021.79,4856705.019,-1363.096069,0.101879612,-102.8683052,106.85
10,186.6822968,46606343.58,4366238.439,-1363.096069,0.093683355,-104.2542581,106.95
5,186.9159241,46013029.78,3540763.116,-1363.790527,0.076951317,-104.5981814,107.0666667
1,187.2977753,44164115.53,2935145.456,-1365.179443,0.066459961,-104.6893294,107.25
0.200000003,188.1496124,34209418.71,11990802.34,-1365.873901,0.35051173,-104.610938,107.6833333
20,188.3686523,47163355.19,4520248.477,-1364.484985,0.095842384,-102.8596543,107.7833333
10,188.5918579,47208071.16,4442684.997,-1363.790527,0.094108589,-104.3025443,107.9
5,188.8249817,44925141.11,3698486.989,-1361.707275,0.082325548,-104.6262104,108.0166667
1,189.1807709,43349956.93,2878315.922,-1361.707275,0.066397205,-104.7215015,108.2
0.200000003,190.0236359,48458889.34,11028974.61,-1361.012817,0.22759445,-104.7458083,108.6166667
20,190.2433167,48109386.3,4688633.427,-1361.012817,0.097457767,-102.8634233,108.7166667
10,190.4636383,47294360.57,5147328.263,-1361.012817,0.108835988,-104.291284,108.8333333
5,190.6967621,44687286.19,3746136.049,-1361.707275,0.083830021,-104.6115646,108.95
1,191.0751038,45047921.77,2952849.33,-1364.484985,0.065549068,-104.6959322,109.1333333
0.200000003,191.8863983,55951958.49,777812.7135,-1364.484985,0.013901439,-105.5486795,109.55
20,192.1018829,47986807.75,4464368.999,-1360.318359,0.093033254,-102.8556609,109.65
10,192.3256378,46416268.92,4542797.573,-1360.318359,0.097870804,-104.2822216,109.7666667
5,192.5691223,47149380.03,4026884.665,-1358.929443,0.085406944,-104.6000238,109.8833333
1,192.9481964,44619258.71,3029593.558,-1360.318359,0.067898788,-104.7339214,110.0666667
0.200000003,193.7693634,25206915.83,7981970.159,-1360.318359,0.31665796,-104.5817119,110.4833333
20,193.9867554,48385238.55,5633807.993,-1359.623901,0.116436504,-102.9237273,110.6
10,194.2140045,47378381.08,4612829.882,-1358.929443,0.09736149,-104.2769843,110.7
5,194.4571686,45108304.79,3663872.617,-1356.846191,0.081223905,-104.6589904,110.8166667
1,194.8406982,44332518.41,2857502.516,-1358.234985,0.064456128,-104.7230727,111.0166667
0.200000003,195.669693,48513407.82,13987164.87,-1358.234985,0.288315445,-104.3352588,111.4166667
20,195.8749695,48204180.76,4132280.715,-1357.540649,0.085724533,-102.8512559,111.5333333
10,196.095932,46317745.13,4840089.745,-1356.846191,0.10449753,-104.3023666,111.65
5,196.3338623,45964962.63,3204010.739,-1355.457275,0.069705501,-104.6221421,111.7666667
1,196.7030945,54537982.6,150824.9307,-1355.457275,0.002765503,-104.7208375,111.95
0.200000003,197.5638885,44825655.66,2935079.85,-1358.234985,0.065477677,-104.3830961,112.3666667
20,197.7758942,49209600.62,4603222.566,-1356.846191,0.093543179,-102.8613751,112.4666667
10,197.9997253,47594577.27,3528355.959,-1358.234985,0.074133568,-104.2930236,112.5833333
5,198.2331848,46914146.06,3756373.747,-1359.623901,0.080069102,-104.6273794,112.7
1,198.6036987,44115256.23,2828570.139,-1362.401733,0.06411773,-105.9657569,112.8833333
0.200000003,199.4400635,41957023.66,12402856.24,-1361.707275,0.29560858,-104.7348941,113.3166667
20,199.6580963,48156178.82,4486226.183,-1357.540649,0.093159929,-102.9331731,113.4166667
10,199.8907623,48649648.58,4353784.012,-1358.234985,0.089492612,-104.2977652,113.5333333
5,200.12883,48413459.46,3388896.051,-1358.234985,0.069999047,-104.6575688,113.65
1,200.5028229,44842665.79,3030856.971,-1357.540649,0.067588687,-104.7203699,113.8333333
0.200000003,201.3118896,45542734.61,2885488.505,-1354.068359,0.063357823,-104.4860841,114.25
20,201.531189,48720548.02,4523740.639,-1353.373901,0.092850775,-102.8917516,114.3666667
10,201.7409363,43898157.05,6792151.528,-1353.373901,0.154725209,-104.3285719,114.4666667
5,201.9901581,46030975.49,6493187.438,-1354.068359,0.141061261,-104.677162,114.5833333
1,202.3660431,45761972.28,3110485.186,-1356.846191,0.067970961,-104.7311438,114.7666667
0.200000003,203.2200012,45682769.88,3699549.307,-1356.846191,0.080983475,-104.7551793,115.1833333
20,203.439621,49129844.05,4722752.703,-1357.540649,0.096127979,-102.8954177,115.3
10,203.6535034,49255046.81,4233841.092,-1356.846191,0.085957512,-104.2976343,115.4166667
5,203.8759766,47263254.65,3997504.868,-1354.762817,0.08457955,-104.5727056,115.5333333
1,204.2350006,47232937.64,2941164.851,-1356.151733,0.06226936,-104.7500449,115.7166667
0.200000003,205.0860901,45255870.43,4377141.97,-1356.151733,0.096719868,-104.7815249,116.1333333
20,205.3060303,50689830.6,4552684.018,-1356.151733,0.089814544,-102.9197712,116.2333333
10,205.5415497,48690377.7,4710962.073,-1355.457275,0.096753448,-104.3377746,116.35
5,205.7684937,47276929.91,3754681.454,-1353.373901,0.07941889,-104.669119,116.4666667
1,206.1291046,46216818.81,3106450.252,-1354.762817,0.067214713,-104.7778026,116.65
0.200000003,206.952179,43557370.97,15956085.6,-1354.762817,0.366323441,-104.8187379,117.0666667
20,207.1797638,48668415.79,4925463.932,-1351.985107,0.101204529,-102.9339587,117.1833333
10,207.4168701,47784120.56,3816048.964,-1351.985107,0.079860188,-104.318462,117.2833333
5,207.6400757,46836182.42,3743469.456,-1351.985107,0.079926871,-104.6649572,117.4
1,208.0352478,48539072.96,2902500.467,-1349.901733,0.059797198,-104.7568253,117.5833333
0.200000003,209.1650391,34521204.78,16223199.71,-1351.985107,0.469948828,-105.2441108,118
20,209.5573273,50506031.24,4874018.725,-1355.457275,0.096503697,-102.8959508,118.1166667
10,209.9838867,49219494.4,4178533.318,-1356.846191,0.084895901,-104.312888,118.2166667
5,210.4472656,50275367.64,3925039.455,-1359.623901,0.078070827,-104.6545761,118.35
1,211.0694885,46395112.21,2981093.666,-1360.318359,0.064254478,-104.8132855,118.5333333
0.200000003,212.0744934,46508624.98,2537795.718,-1358.234985,0.05456613,-104.7800191,118.95
20,212.2807312,50082756.79,4523154.673,-1351.290649,0.090313613,-102.9477441,119.05
10,212.4669342,50049958.99,3782482.648,-1351.290649,0.075574137,-105.3474543,119.1666667
5,212.6585388,47924289.5,3707170.125,-1351.290649,0.077354722,-105.8154459,119.2833333
1,213.0038757,48353138.37,2937440.014,-1350.596191,0.060749728,-105.8539682,119.4666667
0.200000003,213.9415436,47059596.02,3421558.969,-1347.818481,0.072706938,-105.895184,119.8833333
20,214.1894836,51137932.41,4706388.848,-1346.429565,0.092033222,-103.6290628,120
10,214.465744,52152704.9,4319065.731,-1349.901733,0.082815759,-105.3687964,120.1
5,214.7754364,48622079.65,3599400.872,-1352.679565,0.074028112,-105.7573117,120.2333333
1,215.2032166,48801416.22,2844001.256,-1353.373901,0.058277022,-105.9136456,120.4166667
0.200000003,215.8537292,47880323.3,2736630.526,-1351.985107,0.057155639,-105.8993552,120.8333333
20,215.974884,50652944.9,4868907.211,-1348.512939,0.096122883,-103.6202623,120.9333333
10,216.068512,51047698.54,4055387.958,-1348.512939,0.079443112,-105.4086561,121.05
5,216.1457062,49731180.45,3683720.076,-1348.512939,0.074072644,-105.7693201,121.1666667
1,216.1941071,47434438.22,3009615.907,-1348.512939,0.063447908,-105.9251209,121.35
0.200000003,216.1071167,46211263.95,2239886.203,-1347.124023,0.048470568,-105.9267108,121.7666667
20,216.0625153,50837174.56,4074050.038,-1341.568481,0.08013919,-103.5544685,121.8833333
10,216.004303,50134836.86,4393415.362,-1340.874023,0.087631986,-104.4906013,121.9833333
5,215.9555817,48717138.17,3641693.926,-1340.874023,0.074751802,-104.8364886,122.1
1,215.8774567,48477187.13,3036481.919,-1340.874023,0.062637337,-104.9073233,122.2833333
0.200000003,215.5975037,47537721.45,2436161.179,-1340.874023,0.051246908,-104.9071363,122.7
20,215.4823456,51825766.85,4441643.868,-1338.096313,0.085703388,-103.0249384,122.8166667
10,215.3451691,52174265.85,4173812.991,-1338.096313,0.07999754,-103.7268042,122.9166667
5,215.1758423,50403393.47,3784228.321,-1339.485107,0.075078838,-104.0133041,123.0333333
1,214.9091187,50070877.73,2992698.686,-1340.874023,0.059769247,-104.1092499,123.2166667
0.200000003,214.5755615,48571173.14,2701762.492,-1342.262939,0.055624813,-104.1009169,123.6333333
20,214.5223999,52624705,4133140.105,-1342.957397,0.078539923,-102.5697969,123.75
10,214.4549255,49904329.73,4477871.074,-1345.040649,0.089729108,-103.7789155,123.8666667
5,214.3724976,49369778.79,3819175.203,-1345.735107,0.077358566,-104.6363858,123.9833333
1,214.211441,48349829.58,3032630.965,-1347.124023,0.062722683,-104.740253,124.1666667
0.200000003,213.9033508,47782917.66,2516701.961,-1347.818481,0.052669492,-104.6961847,124.5833333
20,213.8530579,51428095.6,4517215.145,-1347.818481,0.08783555,-102.930648,124.6833333
10,213.8113556,52578199.35,3996605.137,-1348.512939,0.076012589,-104.2804634,124.8
5,213.7779388,50288126.87,3838319.747,-1349.901733,0.076326557,-104.6161192,124.9166667
1,213.7098236,48774277.6,2978865.121,-1350.596191,0.06107451,-104.7092406,125.1
0.200000003,213.4953003,48276146.19,2458756.932,-1350.596191,0.050931092,-104.7064629,125.5166667
20,213.4542389,52565564,4332935.358,-1350.596191,0.082429163,-102.9200892,125.6333333
10,213.4268799,51778974.32,5017499.713,-1351.290649,0.096902259,-104.3157591,125.7333333
5,213.411911,49018378.48,3393278.164,-1352.679565,0.069224611,-104.6370778,125.85
1,213.4122314,49557972.48,2831439.254,-1353.373901,0.05713388,-104.7201641,126.05
0.200000003,213.382309,46559185.95,2253762.962,-1354.068359,0.048406407,-104.7240079,126.4666667
20,213.3597107,52510879.27,4041985.718,-1352.679565,0.07697425,-102.8553522,126.5666667
10,213.3457184,50156277.18,4010634.907,-1352.679565,0.079962768,-104.3378213,126.6833333
5,213.3256531,51418811.42,3768520.521,-1353.373901,0.073290698,-104.6126682,126.8
1,213.2973328,48608939.02,2910616.789,-1354.762817,0.059878223,-104.736325,126.9833333
0.200000003,213.2616882,47356402.87,2467850.408,-1354.762817,0.052112285,-104.688628,127.4
20,213.2511749,51341141.18,4924821.733,-1354.068359,0.095923498,-102.8239657,127.5166667
10,213.244812,50995784.72,4283993.75,-1354.068359,0.084006824,-104.2574192,127.6166667
5,213.234314,49909881.33,3836447.346,-1354.762817,0.076867491,-104.6483381,127.7333333
1,213.2225342,49684146.69,2914475.689,-1356.151733,0.058660071,-104.7145901,127.9166667
0.200000003,213.1999359,47932380.56,2214033.816,-1356.846191,0.046190776,-104.6989436,128.3333333
20,213.1973877,52925658.44,4664609.636,-1356.151733,0.088135131,-102.9176108,128.45
10,213.1859283,50354680.87,4129515.51,-1356.151733,0.08200857,-104.2977184,128.55
5,213.1827545,51487533.25,3552072.097,-1356.846191,0.068988971,-104.6248262,128.6666667
1,213.1630249,48175252.46,2877464.479,-1358.234985,0.059729099,-104.734707,128.85
0.200000003,213.138504,48416113.01,2431301.491,-1358.234985,0.050216783,-104.708988,129.2666667
20,213.1407318,52895628.29,2992186.679,-1357.540649,0.056567751,-102.9034607,129.3833333
10,213.1404266,51982010.32,4620236.362,-1357.540649,0.088881448,-104.2745059,129.4833333
5,213.1350098,50133307.97,3793640.451,-1358.234985,0.075671062,-104.6508071,129.6166667
1,213.1235504,49116954.42,2877070.439,-1359.623901,0.058575913,-104.7066126,129.8
0.200000003,213.0589447,47810887.56,1455707.731,-1359.623901,0.030447202,-104.7177325,130.2166667
20,212.9784088,49912179.56,4061204.017,-1358.234985,0.081366993,-103.0160911,130.3166667
10,212.9863739,47357126.57,5106659.044,-1358.234985,0.107832961,-104.3070521,130.4333333
5,213.0070648,43937843.01,3510543.081,-1358.234985,0.07989794,-104.633898,130.55
1,212.8851624,43012019.99,3001266.299,-1358.929443,0.069777384,-104.7193411,130.7333333
0.200000003,211.5649109,36061602.63,5240784.95,-1364.484985,0.145328671,-104.7070989,131.15
20,210.99263,37184867.67,5278063.063,-1375.596069,0.14194116,-102.9100635,131.2666667
10,210.3592072,36790016.23,3781639.558,-1377.679321,0.102789834,-105.2829044,131.3666667
5,209.650528,34650074.92,3676540.158,-1382.540405,0.106104821,-106.968759,131.4833333
1,208.4640503,29638124.36,3162941.775,-1388.790405,0.106718689,-105.9104658,131.6833333
0.200000003,204.990921,27485319.51,25025926.49,-1392.262573,0.910519779,-107.3245318,132.1
20,203.8409729,28786454.16,4474645.001,-1394.345947,0.15544273,-105.3724438,132.2
10,202.5576477,28479877.4,3427950.807,-1398.512573,0.120363958,-109.70001,132.3166667
5,201.2402802,24663719.64,3201662.596,-1403.373657,0.129812643,-109.1566011,132.4333333
1,199.0690002,25218522.68,8961539.869,-1405.456909,0.355355471,-110.5728742,132.6166667
0.200000003,192.7521362,328977.7844,394.7733678,-1409.623657,0.0012,-109.957845,133.0333333
20,190.7995605,21523900.29,5484893.169,-1415.873535,0.254828036,-105.0084035,133.15
10,188.6177979,21348178.95,4135799.363,-1424.901245,0.193730772,-106.5575642,133.25
5,186.1297607,19281508.66,5033837.895,-1432.540161,0.261070758,-105.8846346,133.3833333
1,181.7380829,12217237.05,7229474.09,-1438.790039,0.591743767,-105.212397,133.5666667
0.200000003,170.5332489,2119740.151,2543.688313,-1441.567871,0.0012,-104.4970451,133.9833333
20,167.4150238,16649983.44,5897412.825,-1450.595581,0.35419932,-102.3151979,134.0833333
10,164.1624146,15642399.01,5462838.762,-1461.706543,0.349232793,-103.1611273,134.2
5,160.72612,13676672.98,5206242.295,-1467.262085,0.380665839,-103.598013,134.3166667
1,155.4782104,8191243.148,11316961.82,-1470.039917,1.381592751,-104.8264068,134.5
0.200000003,144.0466309,280021.4051,5902737.047,-1470.734375,21.07959175,-103.506837,134.9333333
20,141.2054749,9412777.697,1525042.627,-1481.150879,0.162018344,-102.0433625,135.0333333
10,138.3314667,13163104.34,3884181.978,-1487.400879,0.29508099,-102.9649805,135.15
5,135.3218689,10484851.8,4920314.521,-1488.789795,0.469278395,-104.0194019,135.2666667
1,130.7445221,6305069.126,9594254.382,-1492.261963,1.521673083,-104.0718311,135.45
0.200000003,120.8193359,557041.4153,9147107.722,-1495.734131,16.42087555,-102.8344123,135.8666667
20,118.3711014,15773238.13,5532720.708,-1495.734131,0.350766331,-101.5610711,135.9833333
10,115.8524933,12319197.58,5463793.911,-1501.984131,0.443518668,-102.6436898,136.0833333
5,113.1700134,12403625.58,5375670.003,-1504.067383,0.433395058,-102.7127102,136.2
1,109.0600128,9083607.426,7084618.242,-1508.234131,0.779934406,-103.3538044,136.4
0.200000003,100.0894775,2167442.795,8972062.808,-1513.095215,4.139469147,-103.1846859,136.8166667
20,97.75357819,23591667.54,13435585.86,-1516.567383,0.569505572,-101.8976716,136.9166667
10,95.38762665,23074759.14,12224602.78,-1521.428467,0.529782474,-103.2606363,137.0333333
5,92.96369934,21097869.6,10877873.62,-1522.817261,0.515591085,-103.1859391,137.15
1,89.11204529,15801910.53,10368689.54,-1527.678345,0.656166852,-103.2071035,137.3333333
0.200000003,80.70821381,13428750.68,12554309.3,-1531.150635,0.934882879,-103.1241294,137.7666667
20,78.61920166,106553296,103640854.3,-1531.150635,0.9726668,-102.3959461,137.8666667
10,76.40130615,108316618.5,102541617.9,-1533.928345,0.946684062,-103.758649,137.9833333
5,74.08319092,107278198.7,102013730.2,-1540.178345,0.95092696,-104.0504704,138.1
1,70.5500946,82766029.91,84038816.51,-1545.733887,1.015378118,-104.1155814,138.2833333
0.200000003,62.58016968,80511754.33,140404142.6,-1547.122681,1.743896127,-104.8019598,138.7
20,60.4442482,2013019045,680948156.7,-1555.456055,0.338272095,-105.2412771,138.8
10,58.2583313,2176383041,678766635.4,-1560.317139,0.311878294,-108.3592758,138.9166667
5,55.99680328,2373908642,695840188.3,-1558.928223,0.293120027,-110.869166,139.0333333